﻿<?xml version="1.0" encoding="utf-8"?>
<abapGit version="v1.0.0" serializer="LCL_OBJECT_ENQU" serializer_version="v1.0.0">
 <asx:abap xmlns:asx="http://www.sap.com/abapxml" version="1.0">
  <asx:values>
   <DD25V>
    <VIEWNAME>EZPROGID</VIEWNAME>
    <AS4LOCAL>A</AS4LOCAL>
    <DDLANGUAGE>E</DDLANGUAGE>
    <AGGTYPE>E</AGGTYPE>
    <ROOTTAB>ZO2CTAB_PROGID</ROOTTAB>
    <DDTEXT>Program ID for VPP</DDTEXT>
   </DD25V>
   <DD26E_TABLE>
    <DD26E>
     <VIEWNAME>EZPROGID</VIEWNAME>
     <TABNAME>ZO2CTAB_PROGID</TABNAME>
     <TABPOS>0001</TABPOS>
     <FORTABNAME>ZO2CTAB_PROGID</FORTABNAME>
     <ENQMODE>E</ENQMODE>
    </DD26E>
    <DD26E>
     <VIEWNAME>EZPROGID</VIEWNAME>
     <TABNAME>ZO2CTAB_CLAIMID</TABNAME>
     <TABPOS>0002</TABPOS>
     <FORTABNAME>ZO2CTAB_PROGID</FORTABNAME>
     <FORFIELD>PROGID</FORFIELD>
     <FORDIR>I</FORDIR>
     <ENQMODE>E</ENQMODE>
    </DD26E>
   </DD26E_TABLE>
   <DD27P_TABLE>
    <DD27P>
     <VIEWNAME>EZPROGID</VIEWNAME>
     <OBJPOS>0001</OBJPOS>
     <DDLANGUAGE>E</DDLANGUAGE>
     <VIEWFIELD>MANDT</VIEWFIELD>
     <TABNAME>ZO2CTAB_PROGID</TABNAME>
     <FIELDNAME>MANDT</FIELDNAME>
     <KEYFLAG>X</KEYFLAG>
     <ROLLNAME>MANDT</ROLLNAME>
     <ROLLNAMEVI>MANDT</ROLLNAMEVI>
     <ENQMODE>E</ENQMODE>
     <DOMNAME>MANDT</DOMNAME>
     <DATATYPE>CLNT</DATATYPE>
     <FLENGTH>000003</FLENGTH>
     <ENTITYTAB>T000</ENTITYTAB>
     <INTTYPE>C</INTTYPE>
     <INTLEN>000006</INTLEN>
     <HEADLEN>03</HEADLEN>
     <SCRLEN1>10</SCRLEN1>
     <SCRLEN2>15</SCRLEN2>
     <SCRLEN3>20</SCRLEN3>
     <OUTPUTLEN>000003</OUTPUTLEN>
     <DDTEXT>Client</DDTEXT>
     <REPTEXT>Cl.</REPTEXT>
     <SCRTEXT_S>Client</SCRTEXT_S>
     <SCRTEXT_M>Client</SCRTEXT_M>
     <SCRTEXT_L>Client</SCRTEXT_L>
    </DD27P>
    <DD27P>
     <VIEWNAME>EZPROGID</VIEWNAME>
     <OBJPOS>0002</OBJPOS>
     <DDLANGUAGE>E</DDLANGUAGE>
     <VIEWFIELD>PROGID</VIEWFIELD>
     <TABNAME>ZO2CTAB_PROGID</TABNAME>
     <FIELDNAME>PROGID</FIELDNAME>
     <KEYFLAG>X</KEYFLAG>
     <ROLLNAME>ZDEL_ZPROGID</ROLLNAME>
     <ROLLNAMEVI>ZDEL_ZPROGID</ROLLNAMEVI>
     <ENQMODE>E</ENQMODE>
     <DOMNAME>ZZPROGID</DOMNAME>
     <DATATYPE>NUMC</DATATYPE>
     <FLENGTH>000010</FLENGTH>
     <INTTYPE>N</INTTYPE>
     <INTLEN>000020</INTLEN>
     <HEADLEN>55</HEADLEN>
     <SCRLEN2>20</SCRLEN2>
     <SCRLEN3>40</SCRLEN3>
     <OUTPUTLEN>000010</OUTPUTLEN>
     <DDTEXT>Program ID</DDTEXT>
     <REPTEXT>Program ID</REPTEXT>
     <SCRTEXT_M>Program ID</SCRTEXT_M>
     <SCRTEXT_L>Program ID</SCRTEXT_L>
    </DD27P>
    <DD27P>
     <VIEWNAME>EZPROGID</VIEWNAME>
     <OBJPOS>0003</OBJPOS>
     <DDLANGUAGE>E</DDLANGUAGE>
     <VIEWFIELD>EBELN</VIEWFIELD>
     <TABNAME>ZO2CTAB_CLAIMID</TABNAME>
     <FIELDNAME>EBELN</FIELDNAME>
     <KEYFLAG>X</KEYFLAG>
     <ROLLNAME>EBELN</ROLLNAME>
     <ROLLNAMEVI>EBELN</ROLLNAMEVI>
     <ENQMODE>E</ENQMODE>
     <MEMORYID>BES</MEMORYID>
     <DOMNAME>EBELN</DOMNAME>
     <DATATYPE>CHAR</DATATYPE>
     <FLENGTH>000010</FLENGTH>
     <SHLPORIGIN>D</SHLPORIGIN>
     <SHLPNAME>MEKK_C</SHLPNAME>
     <SHLPFIELD>EBELN</SHLPFIELD>
     <ENTITYTAB>EKKO</ENTITYTAB>
     <INTTYPE>C</INTTYPE>
     <INTLEN>000020</INTLEN>
     <HEADLEN>10</HEADLEN>
     <SCRLEN1>10</SCRLEN1>
     <SCRLEN2>15</SCRLEN2>
     <SCRLEN3>20</SCRLEN3>
     <OUTPUTLEN>000010</OUTPUTLEN>
     <CONVEXIT>ALPHA</CONVEXIT>
     <DDTEXT>Purchasing Document Number</DDTEXT>
     <REPTEXT>Purch.Doc.</REPTEXT>
     <SCRTEXT_S>Purch.Doc.</SCRTEXT_S>
     <SCRTEXT_M>Purchasing Doc.</SCRTEXT_M>
     <SCRTEXT_L>Purchasing Document</SCRTEXT_L>
    </DD27P>
    <DD27P>
     <VIEWNAME>EZPROGID</VIEWNAME>
     <OBJPOS>0004</OBJPOS>
     <DDLANGUAGE>E</DDLANGUAGE>
     <VIEWFIELD>EBELP</VIEWFIELD>
     <TABNAME>ZO2CTAB_CLAIMID</TABNAME>
     <FIELDNAME>EBELP</FIELDNAME>
     <KEYFLAG>X</KEYFLAG>
     <ROLLNAME>EBELP</ROLLNAME>
     <ROLLNAMEVI>EBELP</ROLLNAMEVI>
     <ENQMODE>E</ENQMODE>
     <MEMORYID>BSP</MEMORYID>
     <DOMNAME>EBELP</DOMNAME>
     <DATATYPE>NUMC</DATATYPE>
     <FLENGTH>000005</FLENGTH>
     <ENTITYTAB>EKPO</ENTITYTAB>
     <INTTYPE>N</INTTYPE>
     <INTLEN>000010</INTLEN>
     <HEADLEN>05</HEADLEN>
     <SCRLEN1>10</SCRLEN1>
     <SCRLEN2>15</SCRLEN2>
     <SCRLEN3>20</SCRLEN3>
     <OUTPUTLEN>000005</OUTPUTLEN>
     <DDTEXT>Item Number of Purchasing Document</DDTEXT>
     <REPTEXT>Item</REPTEXT>
     <SCRTEXT_S>Item</SCRTEXT_S>
     <SCRTEXT_M>Item</SCRTEXT_M>
     <SCRTEXT_L>Item</SCRTEXT_L>
    </DD27P>
    <DD27P>
     <VIEWNAME>EZPROGID</VIEWNAME>
     <OBJPOS>0005</OBJPOS>
     <DDLANGUAGE>E</DDLANGUAGE>
     <VIEWFIELD>ETENR</VIEWFIELD>
     <TABNAME>ZO2CTAB_CLAIMID</TABNAME>
     <FIELDNAME>ETENR</FIELDNAME>
     <KEYFLAG>X</KEYFLAG>
     <ROLLNAME>ETENR</ROLLNAME>
     <ROLLNAMEVI>ETENR</ROLLNAMEVI>
     <ENQMODE>E</ENQMODE>
     <DOMNAME>ETENR</DOMNAME>
     <DATATYPE>NUMC</DATATYPE>
     <FLENGTH>000004</FLENGTH>
     <ENTITYTAB>VBEP</ENTITYTAB>
     <INTTYPE>N</INTTYPE>
     <INTLEN>000008</INTLEN>
     <HEADLEN>04</HEADLEN>
     <SCRLEN1>10</SCRLEN1>
     <SCRLEN2>15</SCRLEN2>
     <SCRLEN3>20</SCRLEN3>
     <OUTPUTLEN>000004</OUTPUTLEN>
     <DDTEXT>Delivery Schedule Line Number</DDTEXT>
     <REPTEXT>SLNo</REPTEXT>
     <SCRTEXT_S>Schd. Line</SCRTEXT_S>
     <SCRTEXT_M>Schedule Line</SCRTEXT_M>
     <SCRTEXT_L>Schedule Line Number</SCRTEXT_L>
    </DD27P>
   </DD27P_TABLE>
  </asx:values>
 </asx:abap>
</abapGit>
