﻿<?xml version="1.0" encoding="utf-8"?>
<abapGit version="v1.0.0" serializer="LCL_OBJECT_CLAS" serializer_version="v1.0.0">
 <asx:abap xmlns:asx="http://www.sap.com/abapxml" version="1.0">
  <asx:values>
   <VSEOCLASS>
    <CLSNAME>ZCL_ZO2C_VPP_01_MPC</CLSNAME>
    <VERSION>1</VERSION>
    <LANGU>E</LANGU>
    <DESCRIPT>ZCL_ZO2C_VPP_01_MPC</DESCRIPT>
    <EXPOSURE>2</EXPOSURE>
    <STATE>1</STATE>
    <FIXPT>X</FIXPT>
    <UNICODE>X</UNICODE>
   </VSEOCLASS>
   <TPOOL>
    <item>
     <ID>I</ID>
     <KEY>001</KEY>
     <ENTRY>Indicator</ENTRY>
     <LENGTH>132</LENGTH>
    </item>
    <item>
     <ID>I</ID>
     <KEY>002</KEY>
     <ENTRY>Purchasing Org.</ENTRY>
     <LENGTH>132</LENGTH>
    </item>
    <item>
     <ID>I</ID>
     <KEY>003</KEY>
     <ENTRY>Description</ENTRY>
     <LENGTH>132</LENGTH>
    </item>
    <item>
     <ID>I</ID>
     <KEY>004</KEY>
     <ENTRY>Vendor</ENTRY>
     <LENGTH>132</LENGTH>
    </item>
    <item>
     <ID>I</ID>
     <KEY>005</KEY>
     <ENTRY>Name</ENTRY>
     <LENGTH>132</LENGTH>
    </item>
    <item>
     <ID>I</ID>
     <KEY>011</KEY>
     <ENTRY>Program ID</ENTRY>
     <LENGTH>132</LENGTH>
    </item>
    <item>
     <ID>I</ID>
     <KEY>012</KEY>
     <ENTRY>Verdor Claim Referen</ENTRY>
     <LENGTH>132</LENGTH>
    </item>
    <item>
     <ID>I</ID>
     <KEY>014</KEY>
     <ENTRY>Program Id</ENTRY>
     <LENGTH>132</LENGTH>
    </item>
    <item>
     <ID>I</ID>
     <KEY>015</KEY>
     <ENTRY>Fiile Stream</ENTRY>
     <LENGTH>132</LENGTH>
    </item>
    <item>
     <ID>I</ID>
     <KEY>016</KEY>
     <ENTRY>Lower_value</ENTRY>
     <LENGTH>132</LENGTH>
    </item>
    <item>
     <ID>I</ID>
     <KEY>017</KEY>
     <ENTRY>Short Descript.</ENTRY>
     <LENGTH>132</LENGTH>
    </item>
    <item>
     <ID>I</ID>
     <KEY>022</KEY>
     <ENTRY>Program ID</ENTRY>
     <LENGTH>132</LENGTH>
    </item>
    <item>
     <ID>I</ID>
     <KEY>023</KEY>
     <ENTRY>Program ID</ENTRY>
     <LENGTH>132</LENGTH>
    </item>
    <item>
     <ID>I</ID>
     <KEY>024</KEY>
     <ENTRY>Purchasing Doc.</ENTRY>
     <LENGTH>132</LENGTH>
    </item>
    <item>
     <ID>I</ID>
     <KEY>025</KEY>
     <ENTRY>Item</ENTRY>
     <LENGTH>132</LENGTH>
    </item>
    <item>
     <ID>I</ID>
     <KEY>026</KEY>
     <ENTRY>Schedule Line</ENTRY>
     <LENGTH>132</LENGTH>
    </item>
    <item>
     <ID>I</ID>
     <KEY>027</KEY>
     <ENTRY>URL PO</ENTRY>
     <LENGTH>132</LENGTH>
    </item>
    <item>
     <ID>I</ID>
     <KEY>028</KEY>
     <ENTRY>Customer Name</ENTRY>
     <LENGTH>132</LENGTH>
    </item>
    <item>
     <ID>I</ID>
     <KEY>029</KEY>
     <ENTRY>Vendor Name</ENTRY>
     <LENGTH>132</LENGTH>
    </item>
   </TPOOL>
   <DESCRIPTIONS>
    <SEOCOMPOTX>
     <CLSNAME>ZCL_ZO2C_VPP_01_MPC</CLSNAME>
     <CMPNAME>DEFINE_ACTIONS</CMPNAME>
     <LANGU>E</LANGU>
     <DESCRIPT>DEFINE_ACTIONS</DESCRIPT>
    </SEOCOMPOTX>
    <SEOCOMPOTX>
     <CLSNAME>ZCL_ZO2C_VPP_01_MPC</CLSNAME>
     <CMPNAME>DEFINE_ASSOCIATIONS</CMPNAME>
     <LANGU>E</LANGU>
     <DESCRIPT>DEFINE_ASSOCIATIONS</DESCRIPT>
    </SEOCOMPOTX>
    <SEOCOMPOTX>
     <CLSNAME>ZCL_ZO2C_VPP_01_MPC</CLSNAME>
     <CMPNAME>DEFINE_CLAIM</CMPNAME>
     <LANGU>E</LANGU>
     <DESCRIPT>DEFINE_CLAIM</DESCRIPT>
    </SEOCOMPOTX>
    <SEOCOMPOTX>
     <CLSNAME>ZCL_ZO2C_VPP_01_MPC</CLSNAME>
     <CMPNAME>DEFINE_FILE</CMPNAME>
     <LANGU>E</LANGU>
     <DESCRIPT>DEFINE_FILE</DESCRIPT>
    </SEOCOMPOTX>
    <SEOCOMPOTX>
     <CLSNAME>ZCL_ZO2C_VPP_01_MPC</CLSNAME>
     <CMPNAME>DEFINE_MATSRCSH</CMPNAME>
     <LANGU>E</LANGU>
     <DESCRIPT>DEFINE_MATSRCSH</DESCRIPT>
    </SEOCOMPOTX>
    <SEOCOMPOTX>
     <CLSNAME>ZCL_ZO2C_VPP_01_MPC</CLSNAME>
     <CMPNAME>DEFINE_POURL</CMPNAME>
     <LANGU>E</LANGU>
     <DESCRIPT>DEFINE_POURL</DESCRIPT>
    </SEOCOMPOTX>
    <SEOCOMPOTX>
     <CLSNAME>ZCL_ZO2C_VPP_01_MPC</CLSNAME>
     <CMPNAME>DEFINE_PROGID</CMPNAME>
     <LANGU>E</LANGU>
     <DESCRIPT>DEFINE_PROGID</DESCRIPT>
    </SEOCOMPOTX>
    <SEOCOMPOTX>
     <CLSNAME>ZCL_ZO2C_VPP_01_MPC</CLSNAME>
     <CMPNAME>DEFINE_PROGIDSH</CMPNAME>
     <LANGU>E</LANGU>
     <DESCRIPT>DEFINE_PROGIDSH</DESCRIPT>
    </SEOCOMPOTX>
    <SEOCOMPOTX>
     <CLSNAME>ZCL_ZO2C_VPP_01_MPC</CLSNAME>
     <CMPNAME>DEFINE_PURCHORG</CMPNAME>
     <LANGU>E</LANGU>
     <DESCRIPT>DEFINE_PURCHORG</DESCRIPT>
    </SEOCOMPOTX>
    <SEOCOMPOTX>
     <CLSNAME>ZCL_ZO2C_VPP_01_MPC</CLSNAME>
     <CMPNAME>DEFINE_VENDOR</CMPNAME>
     <LANGU>E</LANGU>
     <DESCRIPT>DEFINE_VENDOR</DESCRIPT>
    </SEOCOMPOTX>
    <SEOCOMPOTX>
     <CLSNAME>ZCL_ZO2C_VPP_01_MPC</CLSNAME>
     <CMPNAME>LOAD_TEXT_ELEMENTS</CMPNAME>
     <LANGU>E</LANGU>
     <DESCRIPT>LOAD_TEXT_ELEMENTS</DESCRIPT>
    </SEOCOMPOTX>
   </DESCRIPTIONS>
  </asx:values>
 </asx:abap>
</abapGit>
