﻿<?xml version="1.0" encoding="utf-8"?>
<abapGit version="v1.0.0" serializer="LCL_OBJECT_DTEL" serializer_version="v1.0.0">
 <asx:abap xmlns:asx="http://www.sap.com/abapxml" version="1.0">
  <asx:values>
   <DD04V>
    <ROLLNAME>ZDEL_UPD_PIR_CSP</ROLLNAME>
    <DDLANGUAGE>E</DDLANGUAGE>
    <DOMNAME>FLAG</DOMNAME>
    <HEADLEN>55</HEADLEN>
    <SCRLEN2>20</SCRLEN2>
    <SCRLEN3>40</SCRLEN3>
    <DDTEXT>Update PIR / CSP Status</DDTEXT>
    <REPTEXT>Update PIR / CSP Status</REPTEXT>
    <SCRTEXT_M>Update PIR / CSP</SCRTEXT_M>
    <SCRTEXT_L>Update PIR / CSP Status</SCRTEXT_L>
    <DTELMASTER>E</DTELMASTER>
    <REFKIND>D</REFKIND>
   </DD04V>
  </asx:values>
 </asx:abap>
</abapGit>
