﻿<?xml version="1.0" encoding="utf-8"?>
<abapGit version="v1.0.0" serializer="LCL_OBJECT_DTEL" serializer_version="v1.0.0">
 <asx:abap xmlns:asx="http://www.sap.com/abapxml" version="1.0">
  <asx:values>
   <DD04V>
    <ROLLNAME>ZDEL_REM_PO_QTY</ROLLNAME>
    <DDLANGUAGE>E</DDLANGUAGE>
    <DOMNAME>MENGE</DOMNAME>
    <HEADLEN>55</HEADLEN>
    <SCRLEN1>08</SCRLEN1>
    <SCRLEN2>20</SCRLEN2>
    <SCRLEN3>40</SCRLEN3>
    <DDTEXT>Remaining PO quantity</DDTEXT>
    <REPTEXT>Remaining PO quantity</REPTEXT>
    <SCRTEXT_S>Rem. qty</SCRTEXT_S>
    <SCRTEXT_M>Remaining PO quantit</SCRTEXT_M>
    <SCRTEXT_L>Remaining PO quantity</SCRTEXT_L>
    <DTELMASTER>E</DTELMASTER>
    <REFKIND>D</REFKIND>
   </DD04V>
  </asx:values>
 </asx:abap>
</abapGit>
