﻿<?xml version="1.0" encoding="utf-8"?>
<abapGit version="v1.0.0" serializer="LCL_OBJECT_TABL" serializer_version="v1.0.0">
 <asx:abap xmlns:asx="http://www.sap.com/abapxml" version="1.0">
  <asx:values>
   <DD02V>
    <TABNAME>ZO2CSTR_VPP_PROGID_BODY</TABNAME>
    <DDLANGUAGE>E</DDLANGUAGE>
    <TABCLASS>INTTAB</TABCLASS>
    <DDTEXT>Body structure for Progid status table</DDTEXT>
    <EXCLASS>3</EXCLASS>
   </DD02V>
   <DD03P_TABLE>
    <DD03P>
     <TABNAME>ZO2CSTR_VPP_PROGID_BODY</TABNAME>
     <FIELDNAME>EXT_VEND</FIELDNAME>
     <POSITION>0001</POSITION>
     <ROLLNAME>ZDEL_EXT_VEND</ROLLNAME>
     <ADMINFIELD>0</ADMINFIELD>
     <COMPTYPE>E</COMPTYPE>
    </DD03P>
    <DD03P>
     <TABNAME>ZO2CSTR_VPP_PROGID_BODY</TABNAME>
     <FIELDNAME>EKORG</FIELDNAME>
     <POSITION>0002</POSITION>
     <ROLLNAME>EKORG</ROLLNAME>
     <ADMINFIELD>0</ADMINFIELD>
     <COMPTYPE>E</COMPTYPE>
    </DD03P>
    <DD03P>
     <TABNAME>ZO2CSTR_VPP_PROGID_BODY</TABNAME>
     <FIELDNAME>LIFNR</FIELDNAME>
     <POSITION>0003</POSITION>
     <ROLLNAME>LIFNR</ROLLNAME>
     <ADMINFIELD>0</ADMINFIELD>
     <SHLPORIGIN>D</SHLPORIGIN>
     <COMPTYPE>E</COMPTYPE>
    </DD03P>
    <DD03P>
     <TABNAME>ZO2CSTR_VPP_PROGID_BODY</TABNAME>
     <FIELDNAME>UPLOAD</FIELDNAME>
     <POSITION>0004</POSITION>
     <ROLLNAME>ZDEL_UPLOAD</ROLLNAME>
     <ADMINFIELD>0</ADMINFIELD>
     <VALEXI>X</VALEXI>
     <SHLPORIGIN>F</SHLPORIGIN>
     <COMPTYPE>E</COMPTYPE>
    </DD03P>
    <DD03P>
     <TABNAME>ZO2CSTR_VPP_PROGID_BODY</TABNAME>
     <FIELDNAME>CALC_STK</FIELDNAME>
     <POSITION>0005</POSITION>
     <ROLLNAME>ZDEL_CALC_STK</ROLLNAME>
     <ADMINFIELD>0</ADMINFIELD>
     <VALEXI>X</VALEXI>
     <SHLPORIGIN>F</SHLPORIGIN>
     <COMPTYPE>E</COMPTYPE>
    </DD03P>
    <DD03P>
     <TABNAME>ZO2CSTR_VPP_PROGID_BODY</TABNAME>
     <FIELDNAME>CALC_PO</FIELDNAME>
     <POSITION>0006</POSITION>
     <ROLLNAME>ZDEL_CLAC_PO</ROLLNAME>
     <ADMINFIELD>0</ADMINFIELD>
     <VALEXI>X</VALEXI>
     <SHLPORIGIN>F</SHLPORIGIN>
     <COMPTYPE>E</COMPTYPE>
    </DD03P>
    <DD03P>
     <TABNAME>ZO2CSTR_VPP_PROGID_BODY</TABNAME>
     <FIELDNAME>CRT_CLAIM</FIELDNAME>
     <POSITION>0007</POSITION>
     <ROLLNAME>ZDEL_CRT_CLAIM</ROLLNAME>
     <ADMINFIELD>0</ADMINFIELD>
     <VALEXI>X</VALEXI>
     <SHLPORIGIN>F</SHLPORIGIN>
     <COMPTYPE>E</COMPTYPE>
    </DD03P>
    <DD03P>
     <TABNAME>ZO2CSTR_VPP_PROGID_BODY</TABNAME>
     <FIELDNAME>UPD_PIR_CSP</FIELDNAME>
     <POSITION>0008</POSITION>
     <ROLLNAME>ZDEL_UPD_PIR_CSP</ROLLNAME>
     <ADMINFIELD>0</ADMINFIELD>
     <VALEXI>X</VALEXI>
     <SHLPORIGIN>F</SHLPORIGIN>
     <COMPTYPE>E</COMPTYPE>
    </DD03P>
    <DD03P>
     <TABNAME>ZO2CSTR_VPP_PROGID_BODY</TABNAME>
     <FIELDNAME>UPD_STK</FIELDNAME>
     <POSITION>0009</POSITION>
     <ROLLNAME>ZDEL_UPD_STK</ROLLNAME>
     <ADMINFIELD>0</ADMINFIELD>
     <VALEXI>X</VALEXI>
     <SHLPORIGIN>F</SHLPORIGIN>
     <COMPTYPE>E</COMPTYPE>
    </DD03P>
    <DD03P>
     <TABNAME>ZO2CSTR_VPP_PROGID_BODY</TABNAME>
     <FIELDNAME>UPD_PO</FIELDNAME>
     <POSITION>0010</POSITION>
     <ROLLNAME>ZDEL_UPD_PO</ROLLNAME>
     <ADMINFIELD>0</ADMINFIELD>
     <VALEXI>X</VALEXI>
     <SHLPORIGIN>F</SHLPORIGIN>
     <COMPTYPE>E</COMPTYPE>
    </DD03P>
    <DD03P>
     <TABNAME>ZO2CSTR_VPP_PROGID_BODY</TABNAME>
     <FIELDNAME>UPD_STK_REV</FIELDNAME>
     <POSITION>0011</POSITION>
     <ROLLNAME>ZDEL_UPD_STK_REV</ROLLNAME>
     <ADMINFIELD>0</ADMINFIELD>
     <VALEXI>X</VALEXI>
     <SHLPORIGIN>F</SHLPORIGIN>
     <COMPTYPE>E</COMPTYPE>
    </DD03P>
    <DD03P>
     <TABNAME>ZO2CSTR_VPP_PROGID_BODY</TABNAME>
     <FIELDNAME>UPD_PO_REV</FIELDNAME>
     <POSITION>0012</POSITION>
     <ROLLNAME>ZDEL_UPD_PO_REV</ROLLNAME>
     <ADMINFIELD>0</ADMINFIELD>
     <VALEXI>X</VALEXI>
     <SHLPORIGIN>F</SHLPORIGIN>
     <COMPTYPE>E</COMPTYPE>
    </DD03P>
    <DD03P>
     <TABNAME>ZO2CSTR_VPP_PROGID_BODY</TABNAME>
     <FIELDNAME>SETTLE</FIELDNAME>
     <POSITION>0013</POSITION>
     <ROLLNAME>ZDEL_SETTLE</ROLLNAME>
     <ADMINFIELD>0</ADMINFIELD>
     <VALEXI>X</VALEXI>
     <SHLPORIGIN>F</SHLPORIGIN>
     <COMPTYPE>E</COMPTYPE>
    </DD03P>
   </DD03P_TABLE>
  </asx:values>
 </asx:abap>
</abapGit>
