﻿<?xml version="1.0" encoding="utf-8"?>
<abapGit version="v1.0.0" serializer="LCL_OBJECT_TABL" serializer_version="v1.0.0">
 <asx:abap xmlns:asx="http://www.sap.com/abapxml" version="1.0">
  <asx:values>
   <DD02V>
    <TABNAME>ZO2CSTR_VPP_PROGID_KEY</TABNAME>
    <DDLANGUAGE>E</DDLANGUAGE>
    <TABCLASS>INTTAB</TABCLASS>
    <DDTEXT>Vendor Price Protection</DDTEXT>
    <EXCLASS>2</EXCLASS>
   </DD02V>
   <DD03P_TABLE>
    <DD03P>
     <TABNAME>ZO2CSTR_VPP_PROGID_KEY</TABNAME>
     <FIELDNAME>PROGID</FIELDNAME>
     <POSITION>0001</POSITION>
     <ROLLNAME>ZDEL_ZPROGID</ROLLNAME>
     <CHECKTABLE>ZO2CTAB_PROGID</CHECKTABLE>
     <ADMINFIELD>0</ADMINFIELD>
     <SHLPORIGIN>P</SHLPORIGIN>
     <COMPTYPE>E</COMPTYPE>
    </DD03P>
   </DD03P_TABLE>
   <DD05M_TABLE>
    <DD05M>
     <TABNAME>ZO2CSTR_VPP_PROGID_KEY</TABNAME>
     <FIELDNAME>PROGID</FIELDNAME>
     <FORTABLE>SYST</FORTABLE>
     <FORKEY>MANDT</FORKEY>
     <CHECKTABLE>ZO2CTAB_PROGID</CHECKTABLE>
     <CHECKFIELD>MANDT</CHECKFIELD>
     <PRIMPOS>0001</PRIMPOS>
     <DOMNAME>MANDT</DOMNAME>
     <DATATYPE>CLNT</DATATYPE>
     <LENG>000003</LENG>
    </DD05M>
    <DD05M>
     <TABNAME>ZO2CSTR_VPP_PROGID_KEY</TABNAME>
     <FIELDNAME>PROGID</FIELDNAME>
     <FORTABLE>ZO2CSTR_VPP_PROGID_KEY</FORTABLE>
     <FORKEY>PROGID</FORKEY>
     <CHECKTABLE>ZO2CTAB_PROGID</CHECKTABLE>
     <CHECKFIELD>PROGID</CHECKFIELD>
     <PRIMPOS>0002</PRIMPOS>
     <DOMNAME>ZZPROGID</DOMNAME>
     <DATATYPE>NUMC</DATATYPE>
     <LENG>000010</LENG>
    </DD05M>
   </DD05M_TABLE>
   <DD08V_TABLE>
    <DD08V>
     <TABNAME>ZO2CSTR_VPP_PROGID_KEY</TABNAME>
     <FIELDNAME>PROGID</FIELDNAME>
     <DDLANGUAGE>E</DDLANGUAGE>
     <CHECKTABLE>ZO2CTAB_PROGID</CHECKTABLE>
    </DD08V>
   </DD08V_TABLE>
  </asx:values>
 </asx:abap>
</abapGit>
