﻿<?xml version="1.0" encoding="utf-8"?>
<abapGit version="v1.0.0" serializer="LCL_OBJECT_SICF" serializer_version="v1.0.0">
 <asx:abap xmlns:asx="http://www.sap.com/abapxml" version="1.0">
  <asx:values>
   <URL>/sap/opu/odata/sap/zo2c_vpp_srv_01/</URL>
   <ICFSERVICE>
    <ICF_NAME>ZO2C_VPP_SRV_01</ICF_NAME>
    <ORIG_NAME>zo2c_vpp_srv_01</ORIG_NAME>
    <ICFALTNME>ZO2C_VPP_SRV_01</ICFALTNME>
    <ICFALTNME_ORIG>zo2c_vpp_srv_01</ICFALTNME_ORIG>
   </ICFSERVICE>
   <ICFDOCU>
    <ICF_NAME>ZO2C_VPP_SRV_01</ICF_NAME>
    <ICF_LANGU>E</ICF_LANGU>
    <ICF_DOCU>ZO2C_VPP_SRV_01</ICF_DOCU>
   </ICFDOCU>
   <ICFHANDLER_TABLE>
    <ICFHANDLER>
     <ICF_NAME>ZO2C_VPP_SRV_01</ICF_NAME>
     <ICFORDER>01</ICFORDER>
     <ICFTYP>A</ICFTYP>
     <ICFHANDLER>/IWFND/CL_SODATA_HTTP_HANDLER</ICFHANDLER>
    </ICFHANDLER>
   </ICFHANDLER_TABLE>
  </asx:values>
 </asx:abap>
</abapGit>
