﻿<?xml version="1.0" encoding="utf-8"?>
<abapGit version="v1.0.0" serializer="LCL_OBJECT_TABL" serializer_version="v1.0.0">
 <asx:abap xmlns:asx="http://www.sap.com/abapxml" version="1.0">
  <asx:values>
   <DD02V>
    <TABNAME>ZO2CTAB_PROGID</TABNAME>
    <DDLANGUAGE>E</DDLANGUAGE>
    <TABCLASS>TRANSP</TABCLASS>
    <CLIDEP>X</CLIDEP>
    <LANGDEP>X</LANGDEP>
    <DDTEXT>Vendor Price Protection Program ID Status</DDTEXT>
    <CONTFLAG>A</CONTFLAG>
    <EXCLASS>3</EXCLASS>
   </DD02V>
   <DD09L>
    <TABNAME>ZO2CTAB_PROGID</TABNAME>
    <AS4LOCAL>A</AS4LOCAL>
    <TABKAT>0</TABKAT>
    <TABART>APPL0</TABART>
    <BUFALLOW>N</BUFALLOW>
    <ROWORCOLST>C</ROWORCOLST>
   </DD09L>
   <DD03P_TABLE>
    <DD03P>
     <TABNAME>ZO2CTAB_PROGID</TABNAME>
     <FIELDNAME>MANDT</FIELDNAME>
     <POSITION>0001</POSITION>
     <KEYFLAG>X</KEYFLAG>
     <ROLLNAME>MANDT</ROLLNAME>
     <ADMINFIELD>0</ADMINFIELD>
     <NOTNULL>X</NOTNULL>
     <RESERVEDTE>D</RESERVEDTE>
     <COMPTYPE>E</COMPTYPE>
    </DD03P>
    <DD03P>
     <TABNAME>ZO2CTAB_PROGID</TABNAME>
     <FIELDNAME>PROGID</FIELDNAME>
     <POSITION>0002</POSITION>
     <KEYFLAG>X</KEYFLAG>
     <ROLLNAME>ZDEL_ZPROGID</ROLLNAME>
     <ADMINFIELD>0</ADMINFIELD>
     <NOTNULL>X</NOTNULL>
     <COMPTYPE>E</COMPTYPE>
    </DD03P>
    <DD03P>
     <TABNAME>ZO2CTAB_PROGID</TABNAME>
     <FIELDNAME>.INCLUDE</FIELDNAME>
     <DDLANGUAGE>E</DDLANGUAGE>
     <POSITION>0003</POSITION>
     <ADMINFIELD>0</ADMINFIELD>
     <PRECFIELD>ZO2CSTR_VPP_PROGID_BODY</PRECFIELD>
     <MASK>      S</MASK>
     <DDTEXT>Body structure for Progid status table</DDTEXT>
     <COMPTYPE>S</COMPTYPE>
    </DD03P>
   </DD03P_TABLE>
  </asx:values>
 </asx:abap>
</abapGit>
