﻿<?xml version="1.0" encoding="utf-8"?>
<abapGit version="v1.0.0" serializer="LCL_OBJECT_TABL" serializer_version="v1.0.0">
 <asx:abap xmlns:asx="http://www.sap.com/abapxml" version="1.0">
  <asx:values>
   <DD02V>
    <TABNAME>ZO2CSTR_VPP_CLAIM_BODY</TABNAME>
    <DDLANGUAGE>E</DDLANGUAGE>
    <TABCLASS>INTTAB</TABCLASS>
    <DDTEXT>Claim ID Body</DDTEXT>
    <EXCLASS>3</EXCLASS>
   </DD02V>
   <DD03P_TABLE>
    <DD03P>
     <TABNAME>ZO2CSTR_VPP_CLAIM_BODY</TABNAME>
     <FIELDNAME>LIFNR</FIELDNAME>
     <POSITION>0001</POSITION>
     <ROLLNAME>LIFNR</ROLLNAME>
     <ADMINFIELD>0</ADMINFIELD>
     <SHLPORIGIN>D</SHLPORIGIN>
     <COMPTYPE>E</COMPTYPE>
    </DD03P>
    <DD03P>
     <TABNAME>ZO2CSTR_VPP_CLAIM_BODY</TABNAME>
     <FIELDNAME>VALID</FIELDNAME>
     <POSITION>0002</POSITION>
     <ROLLNAME>DATBI</ROLLNAME>
     <ADMINFIELD>0</ADMINFIELD>
     <SHLPORIGIN>T</SHLPORIGIN>
     <COMPTYPE>E</COMPTYPE>
    </DD03P>
    <DD03P>
     <TABNAME>ZO2CSTR_VPP_CLAIM_BODY</TABNAME>
     <FIELDNAME>MATNR</FIELDNAME>
     <POSITION>0003</POSITION>
     <ROLLNAME>MATNR</ROLLNAME>
     <ADMINFIELD>0</ADMINFIELD>
     <SHLPORIGIN>D</SHLPORIGIN>
     <COMPTYPE>E</COMPTYPE>
    </DD03P>
    <DD03P>
     <TABNAME>ZO2CSTR_VPP_CLAIM_BODY</TABNAME>
     <FIELDNAME>VPP_NEWVAL</FIELDNAME>
     <POSITION>0004</POSITION>
     <ROLLNAME>ZDEL_VPP_NEWVAL</ROLLNAME>
     <ADMINFIELD>0</ADMINFIELD>
     <REFTABLE>ZO2CTAB_CLAIMID</REFTABLE>
     <REFFIELD>VPP_NEWCURR</REFFIELD>
     <COMPTYPE>E</COMPTYPE>
    </DD03P>
    <DD03P>
     <TABNAME>ZO2CSTR_VPP_CLAIM_BODY</TABNAME>
     <FIELDNAME>VPP_NEWCURR</FIELDNAME>
     <POSITION>0005</POSITION>
     <ROLLNAME>ZDEL_VPP_NEWCURR</ROLLNAME>
     <ADMINFIELD>0</ADMINFIELD>
     <COMPTYPE>E</COMPTYPE>
    </DD03P>
    <DD03P>
     <TABNAME>ZO2CSTR_VPP_CLAIM_BODY</TABNAME>
     <FIELDNAME>REMAINING_PO_QTY</FIELDNAME>
     <POSITION>0006</POSITION>
     <ROLLNAME>ZDEL_REM_PO_QTY</ROLLNAME>
     <ADMINFIELD>0</ADMINFIELD>
     <REFTABLE>ZMMTAB_STCKRESQT</REFTABLE>
     <REFFIELD>MEINS</REFFIELD>
     <COMPTYPE>E</COMPTYPE>
    </DD03P>
    <DD03P>
     <TABNAME>ZO2CSTR_VPP_CLAIM_BODY</TABNAME>
     <FIELDNAME>REMAINING_QTY</FIELDNAME>
     <POSITION>0007</POSITION>
     <ROLLNAME>ZDEL_REM_QTY</ROLLNAME>
     <ADMINFIELD>0</ADMINFIELD>
     <REFTABLE>ZMMTAB_STCKRESQT</REFTABLE>
     <REFFIELD>MEINS</REFFIELD>
     <COMPTYPE>E</COMPTYPE>
    </DD03P>
    <DD03P>
     <TABNAME>ZO2CSTR_VPP_CLAIM_BODY</TABNAME>
     <FIELDNAME>ZPOPRC</FIELDNAME>
     <POSITION>0008</POSITION>
     <ROLLNAME>ZDEL_ZPOPRC</ROLLNAME>
     <ADMINFIELD>0</ADMINFIELD>
     <REFTABLE>ZO2CTAB_CLAIMID</REFTABLE>
     <REFFIELD>ZPOCUR</REFFIELD>
     <COMPTYPE>E</COMPTYPE>
    </DD03P>
    <DD03P>
     <TABNAME>ZO2CSTR_VPP_CLAIM_BODY</TABNAME>
     <FIELDNAME>ZPOCUR</FIELDNAME>
     <POSITION>0009</POSITION>
     <ROLLNAME>ZDEL_ZPOCUR</ROLLNAME>
     <ADMINFIELD>0</ADMINFIELD>
     <COMPTYPE>E</COMPTYPE>
    </DD03P>
    <DD03P>
     <TABNAME>ZO2CSTR_VPP_CLAIM_BODY</TABNAME>
     <FIELDNAME>ZPOPRC_LC</FIELDNAME>
     <POSITION>0010</POSITION>
     <ROLLNAME>ZDEL_ZPOPRC_LC</ROLLNAME>
     <ADMINFIELD>0</ADMINFIELD>
     <REFTABLE>ZO2CTAB_CLAIMID</REFTABLE>
     <REFFIELD>ZLCURR</REFFIELD>
     <COMPTYPE>E</COMPTYPE>
    </DD03P>
    <DD03P>
     <TABNAME>ZO2CSTR_VPP_CLAIM_BODY</TABNAME>
     <FIELDNAME>ZLCURR</FIELDNAME>
     <POSITION>0011</POSITION>
     <ROLLNAME>ZDEL_ZLCURR</ROLLNAME>
     <ADMINFIELD>0</ADMINFIELD>
     <COMPTYPE>E</COMPTYPE>
    </DD03P>
    <DD03P>
     <TABNAME>ZO2CSTR_VPP_CLAIM_BODY</TABNAME>
     <FIELDNAME>ZPPPRC</FIELDNAME>
     <POSITION>0012</POSITION>
     <ROLLNAME>ZDEL_ZPPPRC</ROLLNAME>
     <ADMINFIELD>0</ADMINFIELD>
     <REFTABLE>ZO2CTAB_CLAIMID</REFTABLE>
     <REFFIELD>ZPPCUR</REFFIELD>
     <COMPTYPE>E</COMPTYPE>
    </DD03P>
    <DD03P>
     <TABNAME>ZO2CSTR_VPP_CLAIM_BODY</TABNAME>
     <FIELDNAME>ZPPCUR</FIELDNAME>
     <POSITION>0013</POSITION>
     <ROLLNAME>ZDEL_ZPPCUR</ROLLNAME>
     <ADMINFIELD>0</ADMINFIELD>
     <COMPTYPE>E</COMPTYPE>
    </DD03P>
    <DD03P>
     <TABNAME>ZO2CSTR_VPP_CLAIM_BODY</TABNAME>
     <FIELDNAME>QTY</FIELDNAME>
     <POSITION>0014</POSITION>
     <ROLLNAME>ZDEL_QTY</ROLLNAME>
     <ADMINFIELD>0</ADMINFIELD>
     <REFTABLE>ZMMTAB_STCKRESQT</REFTABLE>
     <REFFIELD>MEINS</REFFIELD>
     <COMPTYPE>E</COMPTYPE>
    </DD03P>
    <DD03P>
     <TABNAME>ZO2CSTR_VPP_CLAIM_BODY</TABNAME>
     <FIELDNAME>MFRPN</FIELDNAME>
     <POSITION>0015</POSITION>
     <ROLLNAME>MFRPN</ROLLNAME>
     <ADMINFIELD>0</ADMINFIELD>
     <COMPTYPE>E</COMPTYPE>
    </DD03P>
    <DD03P>
     <TABNAME>ZO2CSTR_VPP_CLAIM_BODY</TABNAME>
     <FIELDNAME>IND</FIELDNAME>
     <POSITION>0016</POSITION>
     <ROLLNAME>ZDEL_IND</ROLLNAME>
     <ADMINFIELD>0</ADMINFIELD>
     <COMPTYPE>E</COMPTYPE>
    </DD03P>
    <DD03P>
     <TABNAME>ZO2CSTR_VPP_CLAIM_BODY</TABNAME>
     <FIELDNAME>KUNNRTXT</FIELDNAME>
     <POSITION>0017</POSITION>
     <ROLLNAME>NAME1</ROLLNAME>
     <ADMINFIELD>0</ADMINFIELD>
     <COMPTYPE>E</COMPTYPE>
    </DD03P>
    <DD03P>
     <TABNAME>ZO2CSTR_VPP_CLAIM_BODY</TABNAME>
     <FIELDNAME>LIFNRTXT</FIELDNAME>
     <POSITION>0018</POSITION>
     <ROLLNAME>NAME1</ROLLNAME>
     <ADMINFIELD>0</ADMINFIELD>
     <COMPTYPE>E</COMPTYPE>
    </DD03P>
   </DD03P_TABLE>
  </asx:values>
 </asx:abap>
</abapGit>
