﻿<?xml version="1.0" encoding="utf-8"?>
<abapGit version="v1.0.0" serializer="LCL_OBJECT_SHLP" serializer_version="v1.0.0">
 <asx:abap xmlns:asx="http://www.sap.com/abapxml" version="1.0">
  <asx:values>
   <DD30V>
    <SHLPNAME>ZSH_MAT_SRC</SHLPNAME>
    <DDLANGUAGE>E</DDLANGUAGE>
    <DDTEXT>Material Soruce Search help for Fiori app</DDTEXT>
    <ISSIMPLE>X</ISSIMPLE>
    <SELMETHOD>DD07T</SELMETHOD>
    <SELMTYPE>T</SELMTYPE>
    <DIALOGTYPE>D</DIALOGTYPE>
    <AUTOSUGGEST>X</AUTOSUGGEST>
    <FUZZY_SEARCH>X</FUZZY_SEARCH>
    <FUZZY_SIMILARITY>0.8</FUZZY_SIMILARITY>
   </DD30V>
   <DD32P_TABLE>
    <DD32P>
     <SHLPNAME>ZSH_MAT_SRC</SHLPNAME>
     <FIELDNAME>DOMNAME</FIELDNAME>
     <FLPOSITION>0001</FLPOSITION>
     <ROLLNAME>DOMNAME</ROLLNAME>
     <DEFAULTVAL>&apos;ZDOM_MAT_SRC&apos;</DEFAULTVAL>
     <DEFAULTTYP>L</DEFAULTTYP>
     <SCRLEN3>20</SCRLEN3>
    </DD32P>
    <DD32P>
     <SHLPNAME>ZSH_MAT_SRC</SHLPNAME>
     <FIELDNAME>AS4LOCAL</FIELDNAME>
     <FLPOSITION>0002</FLPOSITION>
     <ROLLNAME>AS4LOCAL</ROLLNAME>
     <DEFAULTVAL>&apos;A&apos;</DEFAULTVAL>
     <DEFAULTTYP>L</DEFAULTTYP>
     <SCRLEN3>18</SCRLEN3>
    </DD32P>
    <DD32P>
     <SHLPNAME>ZSH_MAT_SRC</SHLPNAME>
     <FIELDNAME>DDLANGUAGE</FIELDNAME>
     <FLPOSITION>0003</FLPOSITION>
     <ROLLNAME>DDLANGUAGE</ROLLNAME>
     <DEFAULTVAL>&apos;E&apos;</DEFAULTVAL>
     <DEFAULTTYP>L</DEFAULTTYP>
     <SCRLEN3>07</SCRLEN3>
    </DD32P>
    <DD32P>
     <SHLPNAME>ZSH_MAT_SRC</SHLPNAME>
     <FIELDNAME>DOMVALUE_L</FIELDNAME>
     <FLPOSITION>0004</FLPOSITION>
     <ROLLNAME>DOMVALUE_L</ROLLNAME>
     <SHLPINPUT>X</SHLPINPUT>
     <SHLPOUTPUT>X</SHLPOUTPUT>
     <SHLPSELPOS>01</SHLPSELPOS>
     <SHLPLISPOS>01</SHLPLISPOS>
     <SCRLEN3>18</SCRLEN3>
    </DD32P>
    <DD32P>
     <SHLPNAME>ZSH_MAT_SRC</SHLPNAME>
     <FIELDNAME>DDTEXT</FIELDNAME>
     <FLPOSITION>0005</FLPOSITION>
     <ROLLNAME>VAL_TEXT</ROLLNAME>
     <SHLPLISPOS>02</SHLPLISPOS>
     <SCRLEN3>16</SCRLEN3>
    </DD32P>
   </DD32P_TABLE>
  </asx:values>
 </asx:abap>
</abapGit>
